temp,temp-feel,temp_category,temp_code
9.84,14.395,Mild,9.84-14.395-Mild
9.02,13.635,Mild,9.02-13.635-Mild
9.84,12.88,Mild,9.84-12.88-Mild
20.1,13.635,Mild,20.1-13.635-Mild
8.2,12.88,Mild,8.2-12.88-Mild
13.12,17.425,Mild,13.12-17.425-Mild
15.58,19.695,Mild,15.58-19.695-Mild
14.76,16.665,Mild,14.76-16.665-Mild
17.22,21.21,Mild,17.22-21.21-Mild
18.86,22.725,Mild,18.86-22.725-Mild
18.04,21.97,Mild,18.04-21.97-Mild
20.11,21.21,Mild,20.11-21.21-Mild
16.4,20.455,Mild,16.4-20.455-Mild
20.11,22.725,Mild,20.11-22.725-Mild
20.11,20.455,Mild,20.11-20.455-Mild
14.76,17.425,Mild,14.76-17.425-Mild
14.76,23.55,Mild,14.76-23.55-Mild
13.94,16.665,Mild,13.94-16.665-Mild
20.11,16.665,Mild,20.11-16.665-Mild
13.12,14.395,Mild,13.12-14.395-Mild
20.12,13.635,Mild,20.12-13.635-Mild
10.66,11.365,Mild,10.66-11.365-Mild
9.84,10.605,Mild,9.84-10.605-Mild
20.12,11.365,Mild,20.12-11.365-Mild
9.02,9.85,Cold,9.02-9.85-Cold
20.12,8.335,Cold,20.12-8.335-Cold
6.56,6.82,Cold,6.56-6.82-Cold
5.74,5.305,Cold,5.74-5.305-Cold
20.13,6.82,Cold,20.13-6.82-Cold
5.74,6.06,Cold,5.74-6.06-Cold
7.38,8.335,Cold,7.38-8.335-Cold
8.2,9.09,Cold,8.2-9.09-Cold
20.13,10.605,Mild,20.13-10.605-Mild
10.66,12.12,Mild,10.66-12.12-Mild
9.84,11.365,Mild,9.84-11.365-Mild
20.14,11.365,Mild,20.14-11.365-Mild
7.38,9.85,Cold,7.38-9.85-Cold
5.74,7.575,Cold,5.74-7.575-Cold
7.38,10.605,Mild,7.38-10.605-Mild
6.56,9.09,Cold,6.56-9.09-Cold
5.74,9.09,Cold,5.74-9.09-Cold
4.92,7.575,Cold,4.92-7.575-Cold
20.16,7.575,Cold,20.16-7.575-Cold
6.56,7.575,Cold,6.56-7.575-Cold
9.02,10.605,Mild,9.02-10.605-Mild
9.02,11.365,Mild,9.02-11.365-Mild
10.66,12.88,Mild,10.66-12.88-Mild
20.17,13.635,Mild,20.17-13.635-Mild
12.3,14.395,Mild,12.3-14.395-Mild
11.48,13.635,Mild,11.48-13.635-Mild
20.18,13.635,Mild,20.18-13.635-Mild
9.02,12.88,Mild,9.02-12.88-Mild
8.2,11.365,Mild,8.2-11.365-Mild
6.56,9.85,Cold,6.56-9.85-Cold
8.2,9.85,Cold,8.2-9.85-Cold
7.38,9.09,Cold,7.38-9.09-Cold
20.19,9.85,Cold,20.19-9.85-Cold
11.48,12.88,Mild,11.48-12.88-Mild
12.3,15.91,Mild,12.3-15.91-Mild
9.84,12.12,Mild,9.84-12.12-Mild
7.38,12.12,Mild,7.38-12.12-Mild
6.56,11.365,Mild,6.56-11.365-Mild
5.74,8.335,Cold,5.74-8.335-Cold
20.22,11.365,Mild,20.22-11.365-Mild
20.22,12.12,Mild,20.22-12.12-Mild
10.66,14.395,Mild,10.66-14.395-Mild
10.66,13.635,Mild,10.66-13.635-Mild
20.24,10.605,Mild,20.24-10.605-Mild
20.24,9.85,Cold,20.24-9.85-Cold
8.2,10.605,Mild,8.2-10.605-Mild
20.25,13.635,Mild,20.25-13.635-Mild
20.25,9.85,Cold,20.25-9.85-Cold
8.2,23.71,Mild,8.2-23.71-Mild
20.26,9.85,Cold,20.26-9.85-Cold
20.26,10.605,Mild,20.26-10.605-Mild
6.56,8.335,Cold,6.56-8.335-Cold
20.29,9.85,Cold,20.29-9.85-Cold
8.2,8.335,Cold,8.2-8.335-Cold
7.38,6.82,Cold,7.38-6.82-Cold
6.56,6.06,Cold,6.56-6.06-Cold
4.92,6.06,Cold,4.92-6.06-Cold
4.92,5.305,Cold,4.92-5.305-Cold
20.31,5.305,Cold,20.31-5.305-Cold
4.1,3.03,Cold,4.1-3.03-Cold
4.1,3.79,Cold,4.1-3.79-Cold
20.32,3.79,Cold,20.32-3.79-Cold
20.32,4.545,Cold,20.32-4.545-Cold
4.1,4.545,Cold,4.1-4.545-Cold
3.28,4.545,Cold,3.28-4.545-Cold
4.92,3.79,Cold,4.92-3.79-Cold
20.33,6.82,Cold,20.33-6.82-Cold
9.02,9.09,Cold,9.02-9.09-Cold
7.38,7.575,Cold,7.38-7.575-Cold
20.35,6.06,Cold,20.35-6.06-Cold
4.92,6.82,Cold,4.92-6.82-Cold
4.1,6.06,Cold,4.1-6.06-Cold
4.1,5.305,Cold,4.1-5.305-Cold
20.38,9.85,Cold,20.38-9.85-Cold
5.74,6.82,Cold,5.74-6.82-Cold
20.4,11.365,Mild,20.4-11.365-Mild
20.44,7.575,Cold,20.44-7.575-Cold
8.2,7.575,Cold,8.2-7.575-Cold
20.45,9.09,Cold,20.45-9.09-Cold
20.46,9.09,Cold,20.46-9.09-Cold
20.47,5.305,Cold,20.47-5.305-Cold
20.47,6.06,Cold,20.47-6.06-Cold
20.48,7.575,Cold,20.48-7.575-Cold
8.2,23.98,Mild,8.2-23.98-Mild
20.49,10.605,Mild,20.49-10.605-Mild
20.5,6.06,Cold,20.5-6.06-Cold
4.1,24,Mild,4.1-24-Mild
4.1,6.82,Cold,4.1-6.82-Cold
20.51,9.09,Cold,20.51-9.09-Cold
4.92,8.335,Cold,4.92-8.335-Cold
9.02,12.12,Mild,9.02-12.12-Mild
20.54,11.365,Mild,20.54-11.365-Mild
20.54,12.12,Mild,20.54-12.12-Mild
5.74,10.605,Mild,5.74-10.605-Mild
20.56,7.575,Cold,20.56-7.575-Cold
20.57,14.395,Mild,20.57-14.395-Mild
13.12,15.91,Mild,13.12-15.91-Mild
13.12,15.15,Mild,13.12-15.15-Mild
20.57,15.91,Mild,20.57-15.91-Mild
10.66,15.15,Mild,10.66-15.15-Mild
20.59,10.605,Mild,20.59-10.605-Mild
20.6,10.605,Mild,20.6-10.605-Mild
20.61,9.85,Cold,20.61-9.85-Cold
20.61,9.09,Cold,20.61-9.09-Cold
20.62,7.575,Cold,20.62-7.575-Cold
20.63,9.85,Cold,20.63-9.85-Cold
20.64,7.575,Cold,20.64-7.575-Cold
20.64,6.82,Cold,20.64-6.82-Cold
20.64,9.09,Cold,20.64-9.09-Cold
20.64,11.365,Mild,20.64-11.365-Mild
20.66,11.365,Mild,20.66-11.365-Mild
20.66,12.88,Mild,20.66-12.88-Mild
11.48,15.15,Mild,11.48-15.15-Mild
16.4,24.19,Mild,16.4-24.19-Mild
20.67,20.455,Mild,20.67-20.455-Mild
13.94,15.91,Mild,13.94-15.91-Mild
12.3,15.15,Mild,12.3-15.15-Mild
12.3,13.635,Mild,12.3-13.635-Mild
20.7,12.12,Mild,20.7-12.12-Mild
20.71,11.365,Mild,20.71-11.365-Mild
20.72,11.365,Mild,20.72-11.365-Mild
20.74,15.91,Mild,20.74-15.91-Mild
13.94,14.395,Mild,13.94-14.395-Mild
11.48,12.12,Mild,11.48-12.12-Mild
9.84,9.85,Cold,9.84-9.85-Cold
20.75,7.575,Cold,20.75-7.575-Cold
20.76,6.82,Cold,20.76-6.82-Cold
20.76,6.06,Cold,20.76-6.06-Cold
20.77,9.85,Cold,20.77-9.85-Cold
20.77,10.605,Mild,20.77-10.605-Mild
20.78,12.88,Mild,20.78-12.88-Mild
20.8,13.635,Mild,20.8-13.635-Mild
20.81,12.88,Mild,20.81-12.88-Mild
20.81,12.12,Mild,20.81-12.12-Mild
20.83,11.365,Mild,20.83-11.365-Mild
20.84,12.12,Mild,20.84-12.12-Mild
20.84,13.635,Mild,20.84-13.635-Mild
20.85,12.88,Mild,20.85-12.88-Mild
20.86,14.395,Mild,20.86-14.395-Mild
20.86,16.665,Mild,20.86-16.665-Mild
13.94,18.18,Mild,13.94-18.18-Mild
13.94,17.425,Mild,13.94-17.425-Mild
20.86,17.425,Mild,20.86-17.425-Mild
11.48,14.395,Mild,11.48-14.395-Mild
20.87,14.395,Mild,20.87-14.395-Mild
10.66,24.41,Mild,10.66-24.41-Mild
14.76,18.18,Mild,14.76-18.18-Mild
20.89,19.695,Mild,20.89-19.695-Mild
20.89,15.91,Mild,20.89-15.91-Mild
13.12,16.665,Mild,13.12-16.665-Mild
20.9,15.15,Mild,20.9-15.15-Mild
20.9,16.665,Mild,20.9-16.665-Mild
11.48,15.91,Mild,11.48-15.91-Mild
20.91,9.85,Cold,20.91-9.85-Cold
20.94,5.305,Cold,20.94-5.305-Cold
3.28,3.79,Cold,3.28-3.79-Cold
2.46,3.79,Cold,2.46-3.79-Cold
2.46,5.305,Cold,2.46-5.305-Cold
2.46,7.575,Cold,2.46-7.575-Cold
20.96,7.575,Cold,20.96-7.575-Cold
20.97,7.575,Cold,20.97-7.575-Cold
21.01,9.09,Cold,21.01-9.09-Cold
4.92,9.85,Cold,4.92-9.85-Cold
3.28,6.06,Cold,3.28-6.06-Cold
4.1,9.09,Cold,4.1-9.09-Cold
3.28,8.335,Cold,3.28-8.335-Cold
12.3,16.665,Mild,12.3-16.665-Mild
21.06,15.15,Mild,21.06-15.15-Mild
21.08,6.82,Cold,21.08-6.82-Cold
21.08,7.575,Cold,21.08-7.575-Cold
13.94,15.15,Mild,13.94-15.15-Mild
21.09,15.15,Mild,21.09-15.15-Mild
21.11,11.365,Mild,21.11-11.365-Mild
21.12,13.635,Mild,21.12-13.635-Mild
14.76,15.91,Mild,14.76-15.91-Mild
21.12,20.455,Mild,21.12-20.455-Mild
16.4,24.68,Mild,16.4-24.68-Mild
13.12,24.69,Mild,13.12-24.69-Mild
21.14,25,Mild,21.14-25-Mild
22.96,26.515,Hot,22.96-26.515-Hot
23.78,27.275,Hot,23.78-27.275-Hot
24.6,29.545,Hot,24.6-29.545-Hot
21.32,25,Mild,21.32-25-Mild
21.14,15.91,Mild,21.14-15.91-Mild
13.94,24.69,Mild,13.94-24.69-Mild
12.3,12.12,Mild,12.3-12.12-Mild
11.48,11.365,Mild,11.48-11.365-Mild
21.14,9.09,Cold,21.14-9.09-Cold
21.15,12.12,Mild,21.15-12.12-Mild
21.17,12.88,Mild,21.17-12.88-Mild
21.17,9.85,Cold,21.17-9.85-Cold
21.19,22.725,Mild,21.19-22.725-Mild
21.19,15.91,Mild,21.19-15.91-Mild
21.19,16.665,Mild,21.19-16.665-Mild
13.94,24.76,Mild,13.94-24.76-Mild
21.2,21.97,Mild,21.2-21.97-Mild
19.68,23.485,Mild,19.68-23.485-Mild
22.14,25.76,Hot,22.14-25.76-Hot
24.6,31.06,Hot,24.6-31.06-Hot
24.6,30.305,Hot,24.6-30.305-Hot
21.2,26.515,Hot,21.2-26.515-Hot
20.5,24.24,Mild,20.5-24.24-Mild
21.2,22.725,Mild,21.2-22.725-Mild
21.21,31.06,Hot,21.21-31.06-Hot
27.06,31.06,Hot,27.06-31.06-Hot
26.24,31.06,Hot,26.24-31.06-Hot
25.42,31.06,Hot,25.42-31.06-Hot
21.2,25.76,Hot,21.2-25.76-Hot
21.21,19.695,Mild,21.21-19.695-Mild
21.21,20.455,Mild,21.21-20.455-Mild
13.12,13.635,Mild,13.12-13.635-Mild
12.3,12.88,Mild,12.3-12.88-Mild
21.23,9.09,Cold,21.23-9.09-Cold
21.24,15.15,Mild,21.24-15.15-Mild
9.84,13.635,Mild,9.84-13.635-Mild
21.27,12.88,Mild,21.27-12.88-Mild
21.27,25,Mild,21.27-25-Mild
21.27,25.76,Hot,21.27-25.76-Hot
10.66,10.605,Mild,10.66-10.605-Mild
21.28,8.335,Cold,21.28-8.335-Cold
21.28,6.06,Cold,21.28-6.06-Cold
4.92,4.545,Cold,4.92-4.545-Cold
21.29,6.06,Cold,21.29-6.06-Cold
21.32,9.85,Cold,21.32-9.85-Cold
21.34,16.665,Mild,21.34-16.665-Mild
21.34,24.92,Mild,21.34-24.92-Mild
12.3,24.94,Mild,12.3-24.94-Mild
21.38,21.21,Mild,21.38-21.21-Mild
13.94,24.95,Mild,13.94-24.95-Mild
21.38,14.395,Mild,21.38-14.395-Mild
9.84,9.09,Cold,9.84-9.09-Cold
21.39,9.09,Cold,21.39-9.09-Cold
21.42,14.395,Mild,21.42-14.395-Mild
21.43,11.365,Mild,21.43-11.365-Mild
21.44,12.88,Mild,21.44-12.88-Mild
14.76,18.94,Mild,14.76-18.94-Mild
21.44,19.695,Mild,21.44-19.695-Mild
21.46,12.88,Mild,21.46-12.88-Mild
21.46,12.12,Mild,21.46-12.12-Mild
21.48,15.91,Mild,21.48-15.91-Mild
21.48,16.665,Mild,21.48-16.665-Mild
21.48,17.425,Mild,21.48-17.425-Mild
21.48,20.455,Mild,21.48-20.455-Mild
21.49,25.08,Hot,21.49-25.08-Hot
21.49,17.425,Mild,21.49-17.425-Mild
21.5,12.12,Mild,21.5-12.12-Mild
21.5,16.665,Mild,21.5-16.665-Mild
21.5,15.91,Mild,21.5-15.91-Mild
21.53,14.395,Mild,21.53-14.395-Mild
21.54,18.94,Mild,21.54-18.94-Mild
15.58,25.14,Hot,15.58-25.14-Hot
21.55,23.485,Mild,21.55-23.485-Mild
21.58,19.695,Mild,21.58-19.695-Mild
21.6,14.395,Mild,21.6-14.395-Mild
15.58,25.21,Hot,15.58-25.21-Hot
21.61,16.665,Mild,21.61-16.665-Mild
21.63,17.425,Mild,21.63-17.425-Mild
21.65,16.665,Mild,21.65-16.665-Mild
21.65,24.24,Mild,21.65-24.24-Mild
21.32,25.25,Hot,21.32-25.25-Hot
21.66,21.21,Mild,21.66-21.21-Mild
21.66,17.425,Mild,21.66-17.425-Mild
21.66,20.455,Mild,21.66-20.455-Mild
21.66,26.515,Hot,21.66-26.515-Hot
27.88,31.82,Hot,27.88-31.82-Hot
28.7,31.82,Hot,28.7-31.82-Hot
21.65,31.06,Hot,21.65-31.06-Hot
21.66,22.725,Mild,21.66-22.725-Mild
21.66,24.24,Mild,21.66-24.24-Mild
21.66,12.88,Mild,21.66-12.88-Mild
13.12,25.29,Hot,13.12-25.29-Hot
21.7,13.635,Mild,21.7-13.635-Mild
21.7,12.12,Mild,21.7-12.12-Mild
21.71,16.665,Mild,21.71-16.665-Mild
21.71,19.695,Mild,21.71-19.695-Mild
21.72,15.15,Mild,21.72-15.15-Mild
21.72,14.395,Mild,21.72-14.395-Mild
21.72,16.665,Mild,21.72-16.665-Mild
21.73,21.21,Mild,21.73-21.21-Mild
21.73,21.97,Mild,21.73-21.97-Mild
21.73,22.725,Mild,21.73-22.725-Mild
21.74,21.21,Mild,21.74-21.21-Mild
21.74,20.455,Mild,21.74-20.455-Mild
21.74,25.35,Hot,21.74-25.35-Hot
30.34,32.575,Hot,30.34-32.575-Hot
31.16,33.335,Hot,31.16-33.335-Hot
31.16,32.575,Hot,31.16-32.575-Hot
21.73,31.82,Hot,21.73-31.82-Hot
21.73,25.76,Hot,21.73-25.76-Hot
21.73,15.15,Mild,21.73-15.15-Mild
21.74,15.91,Mild,21.74-15.91-Mild
21.75,13.635,Mild,21.75-13.635-Mild
18.86,25.37,Hot,18.86-25.37-Hot
21.77,21.21,Mild,21.77-21.21-Mild
21.77,16.665,Mild,21.77-16.665-Mild
21.77,15.15,Mild,21.77-15.15-Mild
21.77,31.06,Hot,21.77-31.06-Hot
21.77,22.725,Mild,21.77-22.725-Mild
21.78,17.425,Mild,21.78-17.425-Mild
21.78,16.665,Mild,21.78-16.665-Mild
21.79,25.4,Hot,21.79-25.4-Hot
21.8,13.635,Mild,21.8-13.635-Mild
21.82,18.94,Mild,21.82-18.94-Mild
21.82,17.425,Mild,21.82-17.425-Mild
21.83,18.18,Mild,21.83-18.18-Mild
21.84,22.725,Mild,21.84-22.725-Mild
21.85,26.515,Hot,21.85-26.515-Hot
26.24,30.305,Hot,26.24-30.305-Hot
29.52,33.335,Hot,29.52-33.335-Hot
21.84,33.335,Hot,21.84-33.335-Hot
30.34,33.335,Hot,30.34-33.335-Hot
21.84,31.06,Hot,21.84-31.06-Hot
21.84,27.275,Hot,21.84-27.275-Hot
21.84,23.485,Mild,21.84-23.485-Mild
21.84,20.455,Mild,21.84-20.455-Mild
21.85,17.425,Mild,21.85-17.425-Mild
21.85,22.725,Mild,21.85-22.725-Mild
17.22,25.47,Hot,17.22-25.47-Hot
21.87,21.21,Mild,21.87-21.21-Mild
21.87,22.725,Mild,21.87-22.725-Mild
21.87,24.24,Mild,21.87-24.24-Mild
21.87,25.76,Hot,21.87-25.76-Hot
21.87,26.515,Hot,21.87-26.515-Hot
21.88,24.24,Mild,21.88-24.24-Mild
21.88,25.76,Hot,21.88-25.76-Hot
22.14,25.48,Hot,22.14-25.48-Hot
21.88,17.425,Mild,21.88-17.425-Mild
14.76,25.49,Hot,14.76-25.49-Hot
21.88,16.665,Mild,21.88-16.665-Mild
21.89,25,Mild,21.89-25-Mild
21.89,21.97,Mild,21.89-21.97-Mild
21.9,21.21,Mild,21.9-21.21-Mild
21.91,22.725,Mild,21.91-22.725-Mild
21.91,25.51,Hot,21.91-25.51-Hot
21.91,26.515,Hot,21.91-26.515-Hot
21.91,27.275,Hot,21.91-27.275-Hot
21.91,25.76,Hot,21.91-25.76-Hot
22.96,25.51,Hot,22.96-25.51-Hot
21.91,24.24,Mild,21.91-24.24-Mild
21.91,21.21,Mild,21.91-21.21-Mild
16.4,25.52,Hot,16.4-25.52-Hot
21.92,21.97,Mild,21.92-21.97-Mild
21.92,23.485,Mild,21.92-23.485-Mild
21.92,22.725,Mild,21.92-22.725-Mild
21.92,24.24,Mild,21.92-24.24-Mild
21.93,21.97,Mild,21.93-21.97-Mild
25.42,30.305,Hot,25.42-30.305-Hot
22.96,25.52,Hot,22.96-25.52-Hot
21.92,26.515,Hot,21.92-26.515-Hot
21.92,25,Mild,21.92-25-Mild
24.6,28.79,Hot,24.6-28.79-Hot
28.7,32.575,Hot,28.7-32.575-Hot
21.91,31.82,Hot,21.91-31.82-Hot
21.91,16.665,Mild,21.91-16.665-Mild
13.94,25.51,Hot,13.94-25.51-Hot
21.91,15.15,Mild,21.91-15.15-Mild
21.92,16.665,Mild,21.92-16.665-Mild
21.92,15.91,Mild,21.92-15.91-Mild
21.93,21.21,Mild,21.93-21.21-Mild
21.93,26.515,Hot,21.93-26.515-Hot
21.93,20.455,Mild,21.93-20.455-Mild
21.93,18.18,Mild,21.93-18.18-Mild
21.94,25.76,Hot,21.94-25.76-Hot
21.94,31.06,Hot,21.94-31.06-Hot
21.95,25.76,Hot,21.95-25.76-Hot
21.94,26.515,Hot,21.94-26.515-Hot
21.95,31.06,Hot,21.95-31.06-Hot
22.96,25.54,Hot,22.96-25.54-Hot
21.95,21.21,Mild,21.95-21.21-Mild
21.95,25,Mild,21.95-25-Mild
21.95,22.725,Mild,21.95-22.725-Mild
21.95,21.97,Mild,21.95-21.97-Mild
17.22,25.54,Hot,17.22-25.54-Hot
21.95,23.485,Mild,21.95-23.485-Mild
21.95,24.24,Mild,21.95-24.24-Mild
21.95,30.305,Hot,21.95-30.305-Hot
21.32,25.54,Hot,21.32-25.54-Hot
21.95,27.275,Hot,21.95-27.275-Hot
25.42,29.545,Hot,25.42-29.545-Hot
21.95,26.515,Hot,21.95-26.515-Hot
23.78,25.53,Hot,23.78-25.53-Hot
21.94,30.305,Hot,21.94-30.305-Hot
21.94,29.545,Hot,21.94-29.545-Hot
21.93,24.24,Mild,21.93-24.24-Mild
21.94,27.275,Hot,21.94-27.275-Hot
21.93,27.275,Hot,21.93-27.275-Hot
21.93,25.76,Hot,21.93-25.76-Hot
28.7,33.335,Hot,28.7-33.335-Hot
27.06,29.545,Hot,27.06-29.545-Hot
21.93,33.335,Hot,21.93-33.335-Hot
29.52,34.85,Hot,29.52-34.85-Hot
30.34,35.605,Hot,30.34-35.605-Hot
31.16,37.12,Hot,31.16-37.12-Hot
33.62,40.15,Hot,33.62-40.15-Hot
35.26,41.665,Hot,35.26-41.665-Hot
36.9,40.91,Hot,36.9-40.91-Hot
36.9,41.665,Hot,36.9-41.665-Hot
21.91,40.15,Hot,21.91-40.15-Hot
35.26,40.15,Hot,35.26-40.15-Hot
33.62,39.395,Hot,33.62-39.395-Hot
30.34,34.85,Hot,30.34-34.85-Hot
21.9,33.335,Hot,21.9-33.335-Hot
21.9,32.575,Hot,21.9-32.575-Hot
29.52,32.575,Hot,29.52-32.575-Hot
21.89,31.82,Hot,21.89-31.82-Hot
29.52,31.82,Hot,29.52-31.82-Hot
21.89,32.575,Hot,21.89-32.575-Hot
32.8,34.09,Hot,32.8-34.09-Hot
31.98,33.335,Hot,31.98-33.335-Hot
21.87,31.06,Hot,21.87-31.06-Hot
21.87,25,Mild,21.87-25-Mild
27.88,31.06,Hot,27.88-31.06-Hot
21.87,31.82,Hot,21.87-31.82-Hot
21.86,25.76,Hot,21.86-25.76-Hot
21.86,26.515,Hot,21.86-26.515-Hot
21.86,31.06,Hot,21.86-31.06-Hot
21.84,32.575,Hot,21.84-32.575-Hot
21.84,30.305,Hot,21.84-30.305-Hot
21.84,28.79,Hot,21.84-28.79-Hot
21.83,33.335,Hot,21.83-33.335-Hot
21.83,32.575,Hot,21.83-32.575-Hot
26.24,29.545,Hot,26.24-29.545-Hot
24.6,28.03,Hot,24.6-28.03-Hot
21.82,34.09,Hot,21.82-34.09-Hot
31.98,34.09,Hot,31.98-34.09-Hot
32.8,34.85,Hot,32.8-34.85-Hot
21.81,33.335,Hot,21.81-33.335-Hot
21.81,34.09,Hot,21.81-34.09-Hot
21.81,31.06,Hot,21.81-31.06-Hot
21.8,27.275,Hot,21.8-27.275-Hot
21.8,33.335,Hot,21.8-33.335-Hot
31.16,34.09,Hot,31.16-34.09-Hot
31.16,34.85,Hot,31.16-34.85-Hot
32.8,36.365,Hot,32.8-36.365-Hot
33.62,37.12,Hot,33.62-37.12-Hot
32.8,35.605,Hot,32.8-35.605-Hot
31.98,34.85,Hot,31.98-34.85-Hot
30.34,34.09,Hot,30.34-34.09-Hot
29.52,34.09,Hot,29.52-34.09-Hot
21.78,31.82,Hot,21.78-31.82-Hot
27.06,30.305,Hot,27.06-30.305-Hot
26.24,28.79,Hot,26.24-28.79-Hot
21.77,28.79,Hot,21.77-28.79-Hot
25.42,28.79,Hot,25.42-28.79-Hot
25.42,25.35,Hot,25.42-25.35-Hot
31.16,35.605,Hot,31.16-35.605-Hot
21.77,35.605,Hot,21.77-35.605-Hot
34.44,37.88,Hot,34.44-37.88-Hot
36.08,40.91,Hot,36.08-40.91-Hot
36.9,42.425,Hot,36.9-42.425-Hot
21.76,43.94,Hot,21.76-43.94-Hot
37.72,43.94,Hot,37.72-43.94-Hot
37.72,42.425,Hot,37.72-42.425-Hot
21.75,40.91,Hot,21.75-40.91-Hot
21.75,39.395,Hot,21.75-39.395-Hot
32.8,40.15,Hot,32.8-40.15-Hot
21.74,35.605,Hot,21.74-35.605-Hot
29.52,35.605,Hot,29.52-35.605-Hot
31.16,36.365,Hot,31.16-36.365-Hot
34.44,39.395,Hot,34.44-39.395-Hot
35.26,40.91,Hot,35.26-40.91-Hot
21.72,43.94,Hot,21.72-43.94-Hot
38.54,41.665,Hot,38.54-41.665-Hot
21.72,41.665,Hot,21.72-41.665-Hot
36.08,40.15,Hot,36.08-40.15-Hot
34.44,37.12,Hot,34.44-37.12-Hot
21.7,34.85,Hot,21.7-34.85-Hot
21.7,30.305,Hot,21.7-30.305-Hot
31.98,35.605,Hot,31.98-35.605-Hot
33.62,37.88,Hot,33.62-37.88-Hot
21.68,38.635,Hot,21.68-38.635-Hot
33.62,38.635,Hot,33.62-38.635-Hot
32.8,38.635,Hot,32.8-38.635-Hot
31.98,37.12,Hot,31.98-37.12-Hot
21.66,33.335,Hot,21.66-33.335-Hot
21.66,34.09,Hot,21.66-34.09-Hot
32.8,37.88,Hot,32.8-37.88-Hot
27.06,25.19,Hot,27.06-25.19-Hot
26.24,25.19,Hot,26.24-25.19-Hot
21.63,28.79,Hot,21.63-28.79-Hot
25.42,28.03,Hot,25.42-28.03-Hot
21.63,28.03,Hot,21.63-28.03-Hot
31.98,36.365,Hot,31.98-36.365-Hot
21.61,29.545,Hot,21.61-29.545-Hot
21.6,25.76,Hot,21.6-25.76-Hot
21.6,27.275,Hot,21.6-27.275-Hot
21.59,31.82,Hot,21.59-31.82-Hot
21.59,25.76,Hot,21.59-25.76-Hot
21.58,31.06,Hot,21.58-31.06-Hot
21.58,31.82,Hot,21.58-31.82-Hot
21.58,25,Mild,21.58-25-Mild
21.58,25.12,Hot,21.58-25.12-Hot
21.57,33.335,Hot,21.57-33.335-Hot
21.56,31.06,Hot,21.56-31.06-Hot
21.56,26.515,Hot,21.56-26.515-Hot
21.56,29.545,Hot,21.56-29.545-Hot
21.55,33.335,Hot,21.55-33.335-Hot
21.55,28.79,Hot,21.55-28.79-Hot
21.55,28.03,Hot,21.55-28.03-Hot
21.55,26.515,Hot,21.55-26.515-Hot
21.54,31.82,Hot,21.54-31.82-Hot
21.54,34.09,Hot,21.54-34.09-Hot
21.53,29.545,Hot,21.53-29.545-Hot
24.6,27.275,Hot,24.6-27.275-Hot
21.52,34.85,Hot,21.52-34.85-Hot
32.8,25.06,Hot,32.8-25.06-Hot
21.51,33.335,Hot,21.51-33.335-Hot
21.5,32.575,Hot,21.5-32.575-Hot
27.06,25.01,Hot,27.06-25.01-Hot
21.46,30.305,Hot,21.46-30.305-Hot
33.62,34.85,Hot,33.62-34.85-Hot
21.43,31.82,Hot,21.43-31.82-Hot
21.43,30.305,Hot,21.43-30.305-Hot
33.62,35.605,Hot,33.62-35.605-Hot
34.44,35.605,Hot,34.44-35.605-Hot
35.26,36.365,Hot,35.26-36.365-Hot
36.08,37.12,Hot,36.08-37.12-Hot
34.44,24.96,Mild,34.44-24.96-Mild
21.4,35.605,Hot,21.4-35.605-Hot
21.4,34.85,Hot,21.4-34.85-Hot
21.4,34.09,Hot,21.4-34.09-Hot
21.4,33.335,Hot,21.4-33.335-Hot
25.42,27.275,Hot,25.42-27.275-Hot
21.39,35.605,Hot,21.39-35.605-Hot
34.44,40.15,Hot,34.44-40.15-Hot
32.8,37.12,Hot,32.8-37.12-Hot
27.06,24.92,Mild,27.06-24.92-Mild
21.37,30.305,Hot,21.37-30.305-Hot
21.37,28.79,Hot,21.37-28.79-Hot
21.35,35.605,Hot,21.35-35.605-Hot
21.34,35.605,Hot,21.34-35.605-Hot
21.34,34.09,Hot,21.34-34.09-Hot
21.33,31.06,Hot,21.33-31.06-Hot
21.33,34.09,Hot,21.33-34.09-Hot
21.29,33.335,Hot,21.29-33.335-Hot
21.28,34.85,Hot,21.28-34.85-Hot
21.28,33.335,Hot,21.28-33.335-Hot
26.24,28.03,Hot,26.24-28.03-Hot
21.26,28.79,Hot,21.26-28.79-Hot
27.06,24.8,Mild,27.06-24.8-Mild
21.25,38.635,Hot,21.25-38.635-Hot
34.44,38.635,Hot,34.44-38.635-Hot
35.26,39.395,Hot,35.26-39.395-Hot
35.26,38.635,Hot,35.26-38.635-Hot
35.26,37.88,Hot,35.26-37.88-Hot
27.88,24.76,Mild,27.88-24.76-Mild
21.2,35.605,Hot,21.2-35.605-Hot
31.98,37.88,Hot,31.98-37.88-Hot
32.8,39.395,Hot,32.8-39.395-Hot
21.17,36.365,Hot,21.17-36.365-Hot
21.17,37.12,Hot,21.17-37.12-Hot
34.44,36.365,Hot,34.44-36.365-Hot
33.62,36.365,Hot,33.62-36.365-Hot
21.16,36.365,Hot,21.16-36.365-Hot
21.15,31.06,Hot,21.15-31.06-Hot
34.44,24.67,Mild,34.44-24.67-Mild
21.11,37.12,Hot,21.11-37.12-Hot
21.11,34.85,Hot,21.11-34.85-Hot
21.1,31.06,Hot,21.1-31.06-Hot
21.1,31.82,Hot,21.1-31.82-Hot
35.26,42.425,Hot,35.26-42.425-Hot
34.44,41.665,Hot,34.44-41.665-Hot
28.7,24.6,Mild,28.7-24.6-Mild
21.03,39.395,Hot,21.03-39.395-Hot
21.03,40.91,Hot,21.03-40.91-Hot
21.03,40.15,Hot,21.03-40.15-Hot
32.8,24.54,Mild,32.8-24.54-Mild
20.98,33.335,Hot,20.98-33.335-Hot
20.97,31.06,Hot,20.97-31.06-Hot
20.95,32.575,Hot,20.95-32.575-Hot
20.94,31.06,Hot,20.94-31.06-Hot
20.93,31.06,Hot,20.93-31.06-Hot
20.92,32.575,Hot,20.92-32.575-Hot
20.91,28.79,Hot,20.91-28.79-Hot
20.9,34.09,Hot,20.9-34.09-Hot
20.89,34.09,Hot,20.89-34.09-Hot
20.89,30.305,Hot,20.89-30.305-Hot
20.88,30.305,Hot,20.88-30.305-Hot
20.88,33.335,Hot,20.88-33.335-Hot
20.86,37.12,Hot,20.86-37.12-Hot
20.85,34.09,Hot,20.85-34.09-Hot
20.85,33.335,Hot,20.85-33.335-Hot
20.82,38.635,Hot,20.82-38.635-Hot
20.82,37.12,Hot,20.82-37.12-Hot
20.81,34.09,Hot,20.81-34.09-Hot
20.8,34.85,Hot,20.8-34.85-Hot
20.8,39.395,Hot,20.8-39.395-Hot
34.44,40.91,Hot,34.44-40.91-Hot
30.34,36.365,Hot,30.34-36.365-Hot
20.77,34.85,Hot,20.77-34.85-Hot
36.08,38.635,Hot,36.08-38.635-Hot
36.9,40.15,Hot,36.9-40.15-Hot
20.74,40.15,Hot,20.74-40.15-Hot
37.72,40.91,Hot,37.72-40.91-Hot
36.9,39.395,Hot,36.9-39.395-Hot
20.72,32.575,Hot,20.72-32.575-Hot
27.06,23.55,Mild,27.06-23.55-Mild
20.71,34.85,Hot,20.71-34.85-Hot
35.26,37.12,Hot,35.26-37.12-Hot
36.9,38.635,Hot,36.9-38.635-Hot
20.69,38.635,Hot,20.69-38.635-Hot
20.68,37.88,Hot,20.68-37.88-Hot
20.66,34.09,Hot,20.66-34.09-Hot
20.63,33.335,Hot,20.63-33.335-Hot
20.63,31.82,Hot,20.63-31.82-Hot
20.63,29.545,Hot,20.63-29.545-Hot
20.62,31.82,Hot,20.62-31.82-Hot
20.62,32.575,Hot,20.62-32.575-Hot
20.62,34.85,Hot,20.62-34.85-Hot
20.6,33.335,Hot,20.6-33.335-Hot
20.59,30.305,Hot,20.59-30.305-Hot
20.57,37.12,Hot,20.57-37.12-Hot
20.55,28.79,Hot,20.55-28.79-Hot
20.55,31.82,Hot,20.55-31.82-Hot
20.54,37.88,Hot,20.54-37.88-Hot
20.53,34.85,Hot,20.53-34.85-Hot
29.52,23.55,Mild,29.52-23.55-Mild
20.51,33.335,Hot,20.51-33.335-Hot
33.62,41.665,Hot,33.62-41.665-Hot
20.5,42.425,Hot,20.5-42.425-Hot
20.49,34.85,Hot,20.49-34.85-Hot
20.48,35.605,Hot,20.48-35.605-Hot
20.47,34.09,Hot,20.47-34.09-Hot
20.46,37.12,Hot,20.46-37.12-Hot
20.43,35.605,Hot,20.43-35.605-Hot
20.42,32.575,Hot,20.42-32.575-Hot
20.41,38.635,Hot,20.41-38.635-Hot
20.41,39.395,Hot,20.41-39.395-Hot
20.37,33.335,Hot,20.37-33.335-Hot
20.32,31.06,Hot,20.32-31.06-Hot
20.32,30.305,Hot,20.32-30.305-Hot
20.31,32.575,Hot,20.31-32.575-Hot
20.31,33.335,Hot,20.31-33.335-Hot
20.3,34.85,Hot,20.3-34.85-Hot
20.29,32.575,Hot,20.29-32.575-Hot
20.29,31.06,Hot,20.29-31.06-Hot
31.16,23.55,Mild,31.16-23.55-Mild
20.24,30.305,Hot,20.24-30.305-Hot
20.22,34.85,Hot,20.22-34.85-Hot
20.21,30.305,Hot,20.21-30.305-Hot
26.24,23.55,Mild,26.24-23.55-Mild
20.2,28.03,Hot,20.2-28.03-Hot
20.2,29.545,Hot,20.2-29.545-Hot
20.2,33.335,Hot,20.2-33.335-Hot
20.17,28.03,Hot,20.17-28.03-Hot
20.17,27.275,Hot,20.17-27.275-Hot
20.13,29.545,Hot,20.13-29.545-Hot
20.13,32.575,Hot,20.13-32.575-Hot
20.12,35.605,Hot,20.12-35.605-Hot
20.11,33.335,Hot,20.11-33.335-Hot
20.07,34.85,Hot,20.07-34.85-Hot
20.05,30.305,Hot,20.05-30.305-Hot
20.04,37.12,Hot,20.04-37.12-Hot
20.02,30.305,Hot,20.02-30.305-Hot
20,34.09,Hot,20-34.09-Hot
19.98,35.605,Hot,19.98-35.605-Hot
19.98,28.79,Hot,19.98-28.79-Hot
19.98,27.275,Hot,19.98-27.275-Hot
19.95,33.335,Hot,19.95-33.335-Hot
19.95,32.575,Hot,19.95-32.575-Hot
19.95,31.06,Hot,19.95-31.06-Hot
19.94,28.03,Hot,19.94-28.03-Hot
25.42,23.55,Mild,25.42-23.55-Mild
19.94,28.79,Hot,19.94-28.79-Hot
19.93,31.06,Hot,19.93-31.06-Hot
19.93,32.575,Hot,19.93-32.575-Hot
19.93,31.82,Hot,19.93-31.82-Hot
19.92,30.305,Hot,19.92-30.305-Hot
19.92,29.545,Hot,19.92-29.545-Hot
19.91,30.305,Hot,19.91-30.305-Hot
19.89,31.82,Hot,19.89-31.82-Hot
19.89,31.06,Hot,19.89-31.06-Hot
19.88,28.79,Hot,19.88-28.79-Hot
19.87,30.305,Hot,19.87-30.305-Hot
19.87,37.12,Hot,19.87-37.12-Hot
19.86,37.88,Hot,19.86-37.88-Hot
19.84,31.82,Hot,19.84-31.82-Hot
28.7,23.55,Mild,28.7-23.55-Mild
19.81,29.545,Hot,19.81-29.545-Hot
19.81,25.76,Hot,19.81-25.76-Hot
19.8,25.76,Hot,19.8-25.76-Hot
24.6,25.76,Hot,24.6-25.76-Hot
19.78,27.275,Hot,19.78-27.275-Hot
24.6,25,Mild,24.6-25-Mild
25.42,25.76,Hot,25.42-25.76-Hot
19.75,29.545,Hot,19.75-29.545-Hot
19.75,31.82,Hot,19.75-31.82-Hot
19.74,25.76,Hot,19.74-25.76-Hot
19.73,27.275,Hot,19.73-27.275-Hot
23.78,23.55,Mild,23.78-23.55-Mild
19.69,28.79,Hot,19.69-28.79-Hot
19.69,34.09,Hot,19.69-34.09-Hot
19.68,34.09,Hot,19.68-34.09-Hot
30.34,23.55,Mild,30.34-23.55-Mild
19.63,26.515,Hot,19.63-26.515-Hot
19.63,23.55,Mild,19.63-23.55-Mild
19.61,33.335,Hot,19.61-33.335-Hot
19.6,27.275,Hot,19.6-27.275-Hot
19.56,29.545,Hot,19.56-29.545-Hot
19.53,34.85,Hot,19.53-34.85-Hot
19.53,34.09,Hot,19.53-34.09-Hot
19.52,31.06,Hot,19.52-31.06-Hot
19.52,30.305,Hot,19.52-30.305-Hot
19.51,28.03,Hot,19.51-28.03-Hot
19.51,30.305,Hot,19.51-30.305-Hot
19.5,23.55,Mild,19.5-23.55-Mild
19.51,25,Mild,19.51-25-Mild
19.5,25,Mild,19.5-25-Mild
19.5,22.725,Mild,19.5-22.725-Mild
19.5,21.97,Mild,19.5-21.97-Mild
19.5,27.275,Hot,19.5-27.275-Hot
19.49,25.76,Hot,19.49-25.76-Hot
19.49,24.24,Mild,19.49-24.24-Mild
19.49,25,Mild,19.49-25-Mild
19.49,27.275,Hot,19.49-27.275-Hot
19.49,30.305,Hot,19.49-30.305-Hot
19.48,20.455,Mild,19.48-20.455-Mild
19.48,19.695,Mild,19.48-19.695-Mild
19.5,15.91,Mild,19.5-15.91-Mild
19.5,15.15,Mild,19.5-15.15-Mild
19.5,20.455,Mild,19.5-20.455-Mild
19.53,20.455,Mild,19.53-20.455-Mild
19.54,20.455,Mild,19.54-20.455-Mild
19.54,21.97,Mild,19.54-21.97-Mild
19.54,22.725,Mild,19.54-22.725-Mild
19.54,26.515,Hot,19.54-26.515-Hot
19.54,25.76,Hot,19.54-25.76-Hot
19.53,24.24,Mild,19.53-24.24-Mild
19.54,25,Mild,19.54-25-Mild
19.53,31.06,Hot,19.53-31.06-Hot
19.52,27.275,Hot,19.52-27.275-Hot
19.53,22.725,Mild,19.53-22.725-Mild
19.52,21.21,Mild,19.52-21.21-Mild
19.51,24.24,Mild,19.51-24.24-Mild
19.68,23.55,Mild,19.68-23.55-Mild
19.51,22.725,Mild,19.51-22.725-Mild
19.51,21.21,Mild,19.51-21.21-Mild
19.51,31.06,Hot,19.51-31.06-Hot
19.5,31.06,Hot,19.5-31.06-Hot
19.49,31.06,Hot,19.49-31.06-Hot
19.49,26.515,Hot,19.49-26.515-Hot
19.49,23.485,Mild,19.49-23.485-Mild
19.49,22.725,Mild,19.49-22.725-Mild
19.49,32.575,Hot,19.49-32.575-Hot
19.47,26.515,Hot,19.47-26.515-Hot
19.47,25,Mild,19.47-25-Mild
19.46,28.79,Hot,19.46-28.79-Hot
19.46,29.545,Hot,19.46-29.545-Hot
19.45,26.515,Hot,19.45-26.515-Hot
19.45,25.76,Hot,19.45-25.76-Hot
19.44,25.76,Hot,19.44-25.76-Hot
22.14,23.55,Mild,22.14-23.55-Mild
19.43,28.03,Hot,19.43-28.03-Hot
19.43,30.305,Hot,19.43-30.305-Hot
19.41,26.515,Hot,19.41-26.515-Hot
19.4,22.725,Mild,19.4-22.725-Mild
18.04,23.55,Mild,18.04-23.55-Mild
19.39,24.24,Mild,19.39-24.24-Mild
19.39,19.695,Mild,19.39-19.695-Mild
19.38,26.515,Hot,19.38-26.515-Hot
21.32,23.55,Mild,21.32-23.55-Mild
19.36,22.725,Mild,19.36-22.725-Mild
19.36,25,Mild,19.36-25-Mild
19.36,31.06,Hot,19.36-31.06-Hot
19.35,31.06,Hot,19.35-31.06-Hot
19.35,25.76,Hot,19.35-25.76-Hot
19.35,25,Mild,19.35-25-Mild
19.35,24.24,Mild,19.35-24.24-Mild
19.34,27.275,Hot,19.34-27.275-Hot
19.35,21.21,Mild,19.35-21.21-Mild
19.35,17.425,Mild,19.35-17.425-Mild
13.12,23.55,Mild,13.12-23.55-Mild
19.39,21.97,Mild,19.39-21.97-Mild
19.39,20.455,Mild,19.39-20.455-Mild
19.4,19.695,Mild,19.4-19.695-Mild
19.4,20.455,Mild,19.4-20.455-Mild
19.4,21.21,Mild,19.4-21.21-Mild
19.4,21.97,Mild,19.4-21.97-Mild
19.4,15.15,Mild,19.4-15.15-Mild
10.66,23.55,Mild,10.66-23.55-Mild
19.42,12.12,Mild,19.42-12.12-Mild
19.42,12.88,Mild,19.42-12.88-Mild
19.44,17.425,Mild,19.44-17.425-Mild
9.84,23.55,Mild,9.84-23.55-Mild
19.47,23.485,Mild,19.47-23.485-Mild
19.47,21.97,Mild,19.47-21.97-Mild
19.47,18.18,Mild,19.47-18.18-Mild
19.47,17.425,Mild,19.47-17.425-Mild
19.48,23.55,Mild,19.48-23.55-Mild
19.49,19.695,Mild,19.49-19.695-Mild
19.5,16.665,Mild,19.5-16.665-Mild
19.51,25.76,Hot,19.51-25.76-Hot
19.51,26.515,Hot,19.51-26.515-Hot
19.51,23.485,Mild,19.51-23.485-Mild
19.51,18.94,Mild,19.51-18.94-Mild
19.52,20.455,Mild,19.52-20.455-Mild
19.52,19.695,Mild,19.52-19.695-Mild
19.53,19.695,Mild,19.53-19.695-Mild
19.53,17.425,Mild,19.53-17.425-Mild
19.59,12.12,Mild,19.59-12.12-Mild
19.62,15.15,Mild,19.62-15.15-Mild
19.62,19.695,Mild,19.62-19.695-Mild
19.62,21.21,Mild,19.62-21.21-Mild
19.63,16.665,Mild,19.63-16.665-Mild
19.63,15.91,Mild,19.63-15.91-Mild
19.63,23.485,Mild,19.63-23.485-Mild
19.63,21.97,Mild,19.63-21.97-Mild
19.63,22.725,Mild,19.63-22.725-Mild
19.62,31.06,Hot,19.62-31.06-Hot
19.61,25.76,Hot,19.61-25.76-Hot
19.61,26.515,Hot,19.61-26.515-Hot
19.6,26.515,Hot,19.6-26.515-Hot
19.6,23.485,Mild,19.6-23.485-Mild
19.6,24.24,Mild,19.6-24.24-Mild
19.6,22.725,Mild,19.6-22.725-Mild
19.61,21.21,Mild,19.61-21.21-Mild
19.61,17.425,Mild,19.61-17.425-Mild
19.61,15.91,Mild,19.61-15.91-Mild
19.63,12.12,Mild,19.63-12.12-Mild
19.64,11.365,Mild,19.64-11.365-Mild
19.66,12.12,Mild,19.66-12.12-Mild
19.69,12.88,Mild,19.69-12.88-Mild
19.7,12.12,Mild,19.7-12.12-Mild
19.72,21.21,Mild,19.72-21.21-Mild
19.72,19.695,Mild,19.72-19.695-Mild
19.73,18.18,Mild,19.73-18.18-Mild
19.73,19.695,Mild,19.73-19.695-Mild
19.76,20.455,Mild,19.76-20.455-Mild
19.78,14.395,Mild,19.78-14.395-Mild
19.8,14.395,Mild,19.8-14.395-Mild
19.81,20.455,Mild,19.81-20.455-Mild
19.83,12.88,Mild,19.83-12.88-Mild
19.86,18.94,Mild,19.86-18.94-Mild
19.87,15.91,Mild,19.87-15.91-Mild
19.88,15.15,Mild,19.88-15.15-Mild
19.9,21.21,Mild,19.9-21.21-Mild
19.92,17.425,Mild,19.92-17.425-Mild
19.92,15.91,Mild,19.92-15.91-Mild
19.94,22.725,Mild,19.94-22.725-Mild
19.95,21.97,Mild,19.95-21.97-Mild
19.95,21.21,Mild,19.95-21.21-Mild
19.96,9.85,Cold,19.96-9.85-Cold
19.97,11.365,Mild,19.97-11.365-Mild
19.98,10.605,Mild,19.98-10.605-Mild
20,15.15,Mild,20-15.15-Mild
20.07,16.665,Mild,20.07-16.665-Mild
20.08,18.18,Mild,20.08-18.18-Mild
11.48,23.55,Mild,11.48-23.55-Mild
20.1,15.15,Mild,20.1-15.15-Mild
20.1,12.88,Mild,20.1-12.88-Mild
20.11,13.635,Mild,20.11-13.635-Mild
20.11,12.88,Mild,20.11-12.88-Mild
20.2,16.665,Mild,20.2-16.665-Mild
20.2,11.365,Mild,20.2-11.365-Mild
6.56,23.55,Mild,6.56-23.55-Mild
12.3,23.55,Mild,12.3-23.55-Mild
20.27,16.665,Mild,20.27-16.665-Mild
20.29,15.15,Mild,20.29-15.15-Mild
20.29,13.635,Mild,20.29-13.635-Mild
20.32,12.88,Mild,20.32-12.88-Mild
20.33,16.665,Mild,20.33-16.665-Mild
20.33,20.455,Mild,20.33-20.455-Mild
20.38,15.15,Mild,20.38-15.15-Mild
20.39,18.18,Mild,20.39-18.18-Mild
20.4,16.665,Mild,20.4-16.665-Mild
20.43,24.24,Mild,20.43-24.24-Mild
20.43,25,Mild,20.43-25-Mild
20.46,15.91,Mild,20.46-15.91-Mild
20.53,11.365,Mild,20.53-11.365-Mild
20.61,13.635,Mild,20.61-13.635-Mild
20.63,11.365,Mild,20.63-11.365-Mild
20.63,10.605,Mild,20.63-10.605-Mild
20.65,10.605,Mild,20.65-10.605-Mild
20.66,12.12,Mild,20.66-12.12-Mild
20.67,17.425,Mild,20.67-17.425-Mild
20.69,16.665,Mild,20.69-16.665-Mild
20.7,13.635,Mild,20.7-13.635-Mild
20.71,16.665,Mild,20.71-16.665-Mild
20.72,21.97,Mild,20.72-21.97-Mild
20.73,12.88,Mild,20.73-12.88-Mild
20.76,13.635,Mild,20.76-13.635-Mild
20.81,6.82,Cold,20.81-6.82-Cold
20.83,6.82,Cold,20.83-6.82-Cold
7.38,6.06,Cold,7.38-6.06-Cold
5.74,4.545,Cold,5.74-4.545-Cold
20.88,4.545,Cold,20.88-4.545-Cold
3.28,3.03,Cold,3.28-3.03-Cold
20.91,1.515,Cold,20.91-1.515-Cold
0.82,0.76,Cold,0.82-0.76-Cold
0.82,2.275,Cold,0.82-2.275-Cold
0.82,3.03,Cold,0.82-3.03-Cold
1.64,3.03,Cold,1.64-3.03-Cold
20.96,5.305,Cold,20.96-5.305-Cold
20.97,5.305,Cold,20.97-5.305-Cold
20.97,6.06,Cold,20.97-6.06-Cold
8.2,23.55,Mild,8.2-23.55-Mild
21.04,11.365,Mild,21.04-11.365-Mild
21.08,16.665,Mild,21.08-16.665-Mild
21.08,17.425,Mild,21.08-17.425-Mild
21.13,14.395,Mild,21.13-14.395-Mild
21.16,16.665,Mild,21.16-16.665-Mild
21.17,11.365,Mild,21.17-11.365-Mild
21.19,20.455,Mild,21.19-20.455-Mild
21.19,21.97,Mild,21.19-21.97-Mild
21.23,20.455,Mild,21.23-20.455-Mild
21.28,11.365,Mild,21.28-11.365-Mild
21.28,12.12,Mild,21.28-12.12-Mild
21.3,13.635,Mild,21.3-13.635-Mild
21.31,11.365,Mild,21.31-11.365-Mild
21.34,11.365,Mild,21.34-11.365-Mild
21.36,9.09,Cold,21.36-9.09-Cold
21.4,19.695,Mild,21.4-19.695-Mild
21.4,15.15,Mild,21.4-15.15-Mild
21.41,15.15,Mild,21.41-15.15-Mild
21.45,10.605,Mild,21.45-10.605-Mild
21.51,15.91,Mild,21.51-15.91-Mild
21.51,17.425,Mild,21.51-17.425-Mild
21.54,19.695,Mild,21.54-19.695-Mild
21.54,20.455,Mild,21.54-20.455-Mild
21.55,12.88,Mild,21.55-12.88-Mild
21.56,9.85,Cold,21.56-9.85-Cold
21.58,10.605,Mild,21.58-10.605-Mild
21.65,7.575,Cold,21.65-7.575-Cold
21.68,10.605,Mild,21.68-10.605-Mild
21.71,9.85,Cold,21.71-9.85-Cold
21.73,6.82,Cold,21.73-6.82-Cold
21.76,6.06,Cold,21.76-6.06-Cold
7.38,23.55,Mild,7.38-23.55-Mild
21.94,9.85,Cold,21.94-9.85-Cold
21.97,12.88,Mild,21.97-12.88-Mild
22.06,13.635,Mild,22.06-13.635-Mild
22.1,9.85,Cold,22.1-9.85-Cold
22.11,8.335,Cold,22.11-8.335-Cold
22.15,6.06,Cold,22.15-6.06-Cold
22.19,8.335,Cold,22.19-8.335-Cold
22.2,11.365,Mild,22.2-11.365-Mild
22.21,11.365,Mild,22.21-11.365-Mild
22.25,18.18,Mild,22.25-18.18-Mild
22.26,22.725,Mild,22.26-22.725-Mild
22.26,27.275,Hot,22.26-27.275-Hot
22.28,21.21,Mild,22.28-21.21-Mild
22.29,22.725,Mild,22.29-22.725-Mild
22.37,18.18,Mild,22.37-18.18-Mild
22.42,12.88,Mild,22.42-12.88-Mild
22.44,12.12,Mild,22.44-12.12-Mild
22.44,14.395,Mild,22.44-14.395-Mild
22.45,16.665,Mild,22.45-16.665-Mild
22.47,14.395,Mild,22.47-14.395-Mild
22.47,13.635,Mild,22.47-13.635-Mild
22.55,12.88,Mild,22.55-12.88-Mild
22.56,14.395,Mild,22.56-14.395-Mild
22.59,14.395,Mild,22.59-14.395-Mild
22.59,12.12,Mild,22.59-12.12-Mild
22.61,10.605,Mild,22.61-10.605-Mild
22.61,9.09,Cold,22.61-9.09-Cold
22.62,9.09,Cold,22.62-9.09-Cold
22.66,16.665,Mild,22.66-16.665-Mild
22.72,16.665,Mild,22.72-16.665-Mild
22.73,21.97,Mild,22.73-21.97-Mild
22.8,12.88,Mild,22.8-12.88-Mild
22.85,12.88,Mild,22.85-12.88-Mild
22.86,12.12,Mild,22.86-12.12-Mild
22.87,12.12,Mild,22.87-12.12-Mild
22.88,10.605,Mild,22.88-10.605-Mild
22.92,10.605,Mild,22.92-10.605-Mild
22.92,11.365,Mild,22.92-11.365-Mild
22.93,15.15,Mild,22.93-15.15-Mild
23.04,16.665,Mild,23.04-16.665-Mild
23.07,17.425,Mild,23.07-17.425-Mild
23.12,11.365,Mild,23.12-11.365-Mild
23.14,12.88,Mild,23.14-12.88-Mild
23.17,9.09,Cold,23.17-9.09-Cold
5.74,3.79,Cold,5.74-3.79-Cold
23.21,3.79,Cold,23.21-3.79-Cold
3.28,2.275,Cold,3.28-2.275-Cold
4.1,2.275,Cold,4.1-2.275-Cold
23.24,2.275,Cold,23.24-2.275-Cold
23.32,6.06,Cold,23.32-6.06-Cold
23.32,8.335,Cold,23.32-8.335-Cold
23.5,17.425,Mild,23.5-17.425-Mild
13.94,23.55,Mild,13.94-23.55-Mild
23.51,14.395,Mild,23.51-14.395-Mild
23.59,15.15,Mild,23.59-15.15-Mild
23.6,21.21,Mild,23.6-21.21-Mild
17.22,23.55,Mild,17.22-23.55-Mild
23.62,18.18,Mild,23.62-18.18-Mild
23.65,14.395,Mild,23.65-14.395-Mild
23.68,16.665,Mild,23.68-16.665-Mild
23.68,19.695,Mild,23.68-19.695-Mild
23.68,20.455,Mild,23.68-20.455-Mild
23.68,21.21,Mild,23.68-21.21-Mild
23.72,15.91,Mild,23.72-15.91-Mild
23.75,15.91,Mild,23.75-15.91-Mild
23.85,13.635,Mild,23.85-13.635-Mild
23.86,15.15,Mild,23.86-15.15-Mild
23.87,15.91,Mild,23.87-15.91-Mild
23.87,19.695,Mild,23.87-19.695-Mild
23.89,20.455,Mild,23.89-20.455-Mild
23.89,19.695,Mild,23.89-19.695-Mild
23.93,14.395,Mild,23.93-14.395-Mild
23.94,13.635,Mild,23.94-13.635-Mild
23.96,20.455,Mild,23.96-20.455-Mild
23.97,21.97,Mild,23.97-21.97-Mild
23.98,20.455,Mild,23.98-20.455-Mild
23.98,16.665,Mild,23.98-16.665-Mild
23.99,15.15,Mild,23.99-15.15-Mild
24.06,15.91,Mild,24.06-15.91-Mild
24.08,13.635,Mild,24.08-13.635-Mild
24.13,21.97,Mild,24.13-21.97-Mild
24.14,26.515,Hot,24.14-26.515-Hot
24.14,27.275,Hot,24.14-27.275-Hot
24.14,25.76,Hot,24.14-25.76-Hot
24.14,23.485,Mild,24.14-23.485-Mild
24.14,23.55,Mild,24.14-23.55-Mild
24.14,19.695,Mild,24.14-19.695-Mild
24.18,16.665,Mild,24.18-16.665-Mild
24.21,21.97,Mild,24.21-21.97-Mild
24.24,18.94,Mild,24.24-18.94-Mild
24.26,17.425,Mild,24.26-17.425-Mild
24.32,22.725,Mild,24.32-22.725-Mild
24.39,15.15,Mild,24.39-15.15-Mild
24.42,12.88,Mild,24.42-12.88-Mild
24.47,11.365,Mild,24.47-11.365-Mild
24.5,9.85,Cold,24.5-9.85-Cold
24.51,12.88,Mild,24.51-12.88-Mild
24.53,12.88,Mild,24.53-12.88-Mild
24.63,8.335,Cold,24.63-8.335-Cold
24.83,16.665,Mild,24.83-16.665-Mild
18.86,23.55,Mild,18.86-23.55-Mild
24.86,22.725,Mild,24.86-22.725-Mild
24.89,25.76,Hot,24.89-25.76-Hot
24.89,31.06,Hot,24.89-31.06-Hot
24.93,14.395,Mild,24.93-14.395-Mild
24.95,22.725,Mild,24.95-22.725-Mild
24.95,23.485,Mild,24.95-23.485-Mild
24.98,15.15,Mild,24.98-15.15-Mild
24.99,14.395,Mild,24.99-14.395-Mild
25,10.605,Mild,25-10.605-Mild
25.2,12.88,Mild,25.2-12.88-Mild
25.3,17.425,Mild,25.3-17.425-Mild
25.33,26.515,Hot,25.33-26.515-Hot
25.35,22.725,Mild,25.35-22.725-Mild
25.36,31.06,Hot,25.36-31.06-Hot
25.36,32.575,Hot,25.36-32.575-Hot
25.36,26.515,Hot,25.36-26.515-Hot
25.37,21.97,Mild,25.37-21.97-Mild
25.37,31.06,Hot,25.37-31.06-Hot
25.38,25,Mild,25.38-25-Mild
25.38,23.55,Mild,25.38-23.55-Mild
25.41,32.575,Hot,25.41-32.575-Hot
25.4,27.275,Hot,25.4-27.275-Hot
25.41,21.97,Mild,25.41-21.97-Mild
25.42,20.455,Mild,25.42-20.455-Mild
25.47,23.485,Mild,25.47-23.485-Mild
25.48,22.725,Mild,25.48-22.725-Mild
25.52,21.21,Mild,25.52-21.21-Mild
25.54,25,Mild,25.54-25-Mild
25.56,21.97,Mild,25.56-21.97-Mild
25.57,20.455,Mild,25.57-20.455-Mild
25.58,21.21,Mild,25.58-21.21-Mild
25.61,25.76,Hot,25.61-25.76-Hot
25.64,22.725,Mild,25.64-22.725-Mild
25.66,30.305,Hot,25.66-30.305-Hot
25.66,31.06,Hot,25.66-31.06-Hot
25.67,17.425,Mild,25.67-17.425-Mild
25.69,17.425,Mild,25.69-17.425-Mild
25.73,21.21,Mild,25.73-21.21-Mild
25.75,25,Mild,25.75-25-Mild
25.77,21.97,Mild,25.77-21.97-Mild
25.81,19.695,Mild,25.81-19.695-Mild
25.82,22.725,Mild,25.82-22.725-Mild
25.83,23.485,Mild,25.83-23.485-Mild
25.9,15.91,Mild,25.9-15.91-Mild
25.94,24.24,Mild,25.94-24.24-Mild
25.98,21.97,Mild,25.98-21.97-Mild
26,31.06,Hot,26-31.06-Hot
26,25,Mild,26-25-Mild
26.02,19.695,Mild,26.02-19.695-Mild
26.02,16.665,Mild,26.02-16.665-Mild
26.03,17.425,Mild,26.03-17.425-Mild
16.4,23.55,Mild,16.4-23.55-Mild
26.05,22.725,Mild,26.05-22.725-Mild
26.06,24.24,Mild,26.06-24.24-Mild
26.12,15.15,Mild,26.12-15.15-Mild
26.16,16.665,Mild,26.16-16.665-Mild
26.3,21.97,Mild,26.3-21.97-Mild
26.31,25,Mild,26.31-25-Mild
26.33,24.24,Mild,26.33-24.24-Mild
26.38,19.695,Mild,26.38-19.695-Mild
26.4,27.275,Hot,26.4-27.275-Hot
26.41,30.305,Hot,26.41-30.305-Hot
26.41,26.515,Hot,26.41-26.515-Hot
26.42,22.725,Mild,26.42-22.725-Mild
26.43,21.97,Mild,26.43-21.97-Mild
26.47,26.515,Hot,26.47-26.515-Hot
26.48,25.76,Hot,26.48-25.76-Hot
26.49,22.725,Mild,26.49-22.725-Mild
26.52,16.665,Mild,26.52-16.665-Mild
26.58,27.275,Hot,26.58-27.275-Hot
26.58,25.76,Hot,26.58-25.76-Hot
26.61,16.665,Mild,26.61-16.665-Mild
26.61,15.15,Mild,26.61-15.15-Mild
26.66,14.395,Mild,26.66-14.395-Mild
26.67,15.15,Mild,26.67-15.15-Mild
26.72,21.21,Mild,26.72-21.21-Mild
26.78,15.15,Mild,26.78-15.15-Mild
26.95,16.665,Mild,26.95-16.665-Mild
27.03,25,Mild,27.03-25-Mild
27.05,25.76,Hot,27.05-25.76-Hot
27.07,20.455,Mild,27.07-20.455-Mild
27.08,19.695,Mild,27.08-19.695-Mild
27.1,16.665,Mild,27.1-16.665-Mild
27.11,17.425,Mild,27.11-17.425-Mild
27.11,21.21,Mild,27.11-21.21-Mild
27.14,25.76,Hot,27.14-25.76-Hot
27.16,24.24,Mild,27.16-24.24-Mild
27.17,31.82,Hot,27.17-31.82-Hot
27.17,31.06,Hot,27.17-31.06-Hot
27.17,30.305,Hot,27.17-30.305-Hot
27.18,33.335,Hot,27.18-33.335-Hot
27.88,23.55,Mild,27.88-23.55-Mild
27.2,30.305,Hot,27.2-30.305-Hot
27.22,25,Mild,27.22-25-Mild
27.23,24.24,Mild,27.23-24.24-Mild
27.26,22.725,Mild,27.26-22.725-Mild
27.4,20.455,Mild,27.4-20.455-Mild
27.41,22.725,Mild,27.41-22.725-Mild
27.43,27.275,Hot,27.43-27.275-Hot
27.44,27.275,Hot,27.44-27.275-Hot
27.49,25,Mild,27.49-25-Mild
27.5,25.76,Hot,27.5-25.76-Hot
27.5,32.575,Hot,27.5-32.575-Hot
27.5,33.335,Hot,27.5-33.335-Hot
27.51,25.76,Hot,27.51-25.76-Hot
27.53,27.275,Hot,27.53-27.275-Hot
27.54,26.515,Hot,27.54-26.515-Hot
27.6,22.725,Mild,27.6-22.725-Mild
27.61,21.97,Mild,27.61-21.97-Mild
27.62,25,Mild,27.62-25-Mild
27.63,29.545,Hot,27.63-29.545-Hot
27.64,28.79,Hot,27.64-28.79-Hot
27.65,26.515,Hot,27.65-26.515-Hot
27.67,34.09,Hot,27.67-34.09-Hot
27.67,32.575,Hot,27.67-32.575-Hot
27.68,27.275,Hot,27.68-27.275-Hot
27.68,26.515,Hot,27.68-26.515-Hot
27.69,33.335,Hot,27.69-33.335-Hot
27.7,26.515,Hot,27.7-26.515-Hot
27.7,25.76,Hot,27.7-25.76-Hot
27.71,25,Mild,27.71-25-Mild
27.76,30.305,Hot,27.76-30.305-Hot
24.6,23.55,Mild,24.6-23.55-Mild
27.8,22.725,Mild,27.8-22.725-Mild
27.86,31.06,Hot,27.86-31.06-Hot
27.86,27.275,Hot,27.86-27.275-Hot
27.86,25.76,Hot,27.86-25.76-Hot
27.89,25,Mild,27.89-25-Mild
27.93,30.305,Hot,27.93-30.305-Hot
28,31.06,Hot,28-31.06-Hot
28.03,23.485,Mild,28.03-23.485-Mild
28.15,27.275,Hot,28.15-27.275-Hot
28.17,24.24,Mild,28.17-24.24-Mild
28.2,22.725,Mild,28.2-22.725-Mild
28.22,21.21,Mild,28.22-21.21-Mild
28.37,21.21,Mild,28.37-21.21-Mild
28.39,31.06,Hot,28.39-31.06-Hot
28.4,31.06,Hot,28.4-31.06-Hot
28.51,25.76,Hot,28.51-25.76-Hot
28.55,26.515,Hot,28.55-26.515-Hot
28.67,32.575,Hot,28.67-32.575-Hot
28.67,30.305,Hot,28.67-30.305-Hot
28.67,27.275,Hot,28.67-27.275-Hot
28.71,25.76,Hot,28.71-25.76-Hot
28.71,26.515,Hot,28.71-26.515-Hot
28.72,32.575,Hot,28.72-32.575-Hot
28.73,29.545,Hot,28.73-29.545-Hot
28.74,29.545,Hot,28.74-29.545-Hot
28.75,25.76,Hot,28.75-25.76-Hot
28.77,25.76,Hot,28.77-25.76-Hot
28.77,27.275,Hot,28.77-27.275-Hot
28.8,26.515,Hot,28.8-26.515-Hot
28.92,31.06,Hot,28.92-31.06-Hot
28.97,24.24,Mild,28.97-24.24-Mild
28.99,23.485,Mild,28.99-23.485-Mild
28.99,22.725,Mild,28.99-22.725-Mild
29.04,32.575,Hot,29.04-32.575-Hot
29.04,31.06,Hot,29.04-31.06-Hot
29.07,28.79,Hot,29.07-28.79-Hot
29.08,33.335,Hot,29.08-33.335-Hot
29.07,28.03,Hot,29.07-28.03-Hot
29.08,29.545,Hot,29.08-29.545-Hot
29.2,31.06,Hot,29.2-31.06-Hot
29.22,26.515,Hot,29.22-26.515-Hot
29.24,25,Mild,29.24-25-Mild
29.27,22.725,Mild,29.27-22.725-Mild
29.31,31.82,Hot,29.31-31.82-Hot
29.31,31.06,Hot,29.31-31.06-Hot
29.4,31.06,Hot,29.4-31.06-Hot
29.61,27.275,Hot,29.61-27.275-Hot
29.66,26.515,Hot,29.66-26.515-Hot
29.69,24.24,Mild,29.69-24.24-Mild
29.76,25.76,Hot,29.76-25.76-Hot
29.83,25.76,Hot,29.83-25.76-Hot
29.92,23.485,Mild,29.92-23.485-Mild
29.98,32.575,Hot,29.98-32.575-Hot
30.04,25.76,Hot,30.04-25.76-Hot
30.05,24.24,Mild,30.05-24.24-Mild
30.08,27.275,Hot,30.08-27.275-Hot
30.08,31.82,Hot,30.08-31.82-Hot
30.14,27.275,Hot,30.14-27.275-Hot
30.11,31.06,Hot,30.11-31.06-Hot
30.15,36.365,Hot,30.15-36.365-Hot
30.13,36.365,Hot,30.13-36.365-Hot
30.13,32.575,Hot,30.13-32.575-Hot
30.16,31.06,Hot,30.16-31.06-Hot
30.18,27.275,Hot,30.18-27.275-Hot
30.22,28.79,Hot,30.22-28.79-Hot
30.34,30.305,Hot,30.34-30.305-Hot
30.38,31.06,Hot,30.38-31.06-Hot
30.41,31.06,Hot,30.41-31.06-Hot
30.44,30.305,Hot,30.44-30.305-Hot
30.45,30.305,Hot,30.45-30.305-Hot
30.45,31.06,Hot,30.45-31.06-Hot
30.46,33.335,Hot,30.46-33.335-Hot
30.47,30.305,Hot,30.47-30.305-Hot
30.63,32.575,Hot,30.63-32.575-Hot
30.63,31.82,Hot,30.63-31.82-Hot
30.67,26.515,Hot,30.67-26.515-Hot
30.71,25.76,Hot,30.71-25.76-Hot
30.79,32.575,Hot,30.79-32.575-Hot
30.8,32.575,Hot,30.8-32.575-Hot
30.88,25.76,Hot,30.88-25.76-Hot
31.04,31.06,Hot,31.04-31.06-Hot
31.14,25.76,Hot,31.14-25.76-Hot
31.32,27.275,Hot,31.32-27.275-Hot
31.37,30.305,Hot,31.37-30.305-Hot
31.48,28.79,Hot,31.48-28.79-Hot
31.57,34.85,Hot,31.57-34.85-Hot
31.6,34.85,Hot,31.6-34.85-Hot
37.72,41.665,Hot,37.72-41.665-Hot
31.54,40.91,Hot,31.54-40.91-Hot
31.54,41.665,Hot,31.54-41.665-Hot
37.72,40.15,Hot,37.72-40.15-Hot
31.49,35.605,Hot,31.49-35.605-Hot
31.5,33.335,Hot,31.5-33.335-Hot
31.45,33.335,Hot,31.45-33.335-Hot
31.46,33.335,Hot,31.46-33.335-Hot
31.47,32.575,Hot,31.47-32.575-Hot
36.08,37.88,Hot,36.08-37.88-Hot
31.43,38.635,Hot,31.43-38.635-Hot
31.43,30.305,Hot,31.43-30.305-Hot
31.48,37.88,Hot,31.48-37.88-Hot
31.37,40.15,Hot,31.37-40.15-Hot
31.37,33.335,Hot,31.37-33.335-Hot
31.3,41.665,Hot,31.3-41.665-Hot
31.28,41.665,Hot,31.28-41.665-Hot
31.25,40.15,Hot,31.25-40.15-Hot
31.25,37.12,Hot,31.25-37.12-Hot
31.25,34.85,Hot,31.25-34.85-Hot
31.12,40.15,Hot,31.12-40.15-Hot
31.12,39.395,Hot,31.12-39.395-Hot
31.1,36.365,Hot,31.1-36.365-Hot
31.1,35.605,Hot,31.1-35.605-Hot
37.72,43.18,Hot,37.72-43.18-Hot
38.54,43.94,Hot,38.54-43.94-Hot
39.36,43.18,Hot,39.36-43.18-Hot
39.36,42.425,Hot,39.36-42.425-Hot
41,43.18,Hot,41-43.18-Hot
30.9,41.665,Hot,30.9-41.665-Hot
36.08,39.395,Hot,36.08-39.395-Hot
31.98,38.635,Hot,31.98-38.635-Hot
36.9,43.18,Hot,36.9-43.18-Hot
37.72,44.695,Hot,37.72-44.695-Hot
39.36,45.455,Hot,39.36-45.455-Hot
30.7,30.305,Hot,30.7-30.305-Hot
30.95,31.82,Hot,30.95-31.82-Hot
30.96,35.605,Hot,30.96-35.605-Hot
31.09,35.605,Hot,31.09-35.605-Hot
31.1,32.575,Hot,31.1-32.575-Hot
31.11,31.82,Hot,31.11-31.82-Hot
31.11,31.06,Hot,31.11-31.06-Hot
27.06,31.82,Hot,27.06-31.82-Hot
31.19,35.605,Hot,31.19-35.605-Hot
31.18,33.335,Hot,31.18-33.335-Hot
31.2,32.575,Hot,31.2-32.575-Hot
31.31,29.545,Hot,31.31-29.545-Hot
31.34,34.85,Hot,31.34-34.85-Hot
31.57,33.335,Hot,31.57-33.335-Hot
31.61,30.305,Hot,31.61-30.305-Hot
31.6,40.91,Hot,31.6-40.91-Hot
31.58,36.365,Hot,31.58-36.365-Hot
31.55,35.605,Hot,31.55-35.605-Hot
31.63,40.15,Hot,31.63-40.15-Hot
31.23,37.88,Hot,31.23-37.88-Hot
31.24,34.09,Hot,31.24-34.09-Hot
38.54,42.425,Hot,38.54-42.425-Hot
30.92,34.85,Hot,30.92-34.85-Hot
30.99,34.09,Hot,30.99-34.09-Hot
30.98,37.88,Hot,30.98-37.88-Hot
30.91,39.395,Hot,30.91-39.395-Hot
30.79,39.395,Hot,30.79-39.395-Hot
30.79,37.88,Hot,30.79-37.88-Hot
31.37,31.82,Hot,31.37-31.82-Hot
31.38,37.12,Hot,31.38-37.12-Hot
31.28,34.85,Hot,31.28-34.85-Hot
31.38,33.335,Hot,31.38-33.335-Hot
31.74,39.395,Hot,31.74-39.395-Hot
31.61,37.88,Hot,31.61-37.88-Hot
31.65,34.09,Hot,31.65-34.09-Hot
32.47,40.91,Hot,32.47-40.91-Hot
31.92,36.365,Hot,31.92-36.365-Hot
33.23,36.365,Hot,33.23-36.365-Hot
33.23,37.88,Hot,33.23-37.88-Hot
32.05,40.91,Hot,32.05-40.91-Hot
30.2,36.365,Hot,30.2-36.365-Hot